<gmd:MD_Metadata xmlns:srv="http://www.isotc211.org/2005/srv" xmlns:gmd="http://www.isotc211.org/2005/gmd" xmlns:xlink="http://www.w3.org/1999/xlink" xmlns:gts="http://www.isotc211.org/2005/gts" xmlns:gml="http://www.opengis.net/gml" xmlns:gco="http://www.isotc211.org/2005/gco" xmlns="http://www.isotc211.org/2005/gmd">
  <gmd:fileIdentifier>
    <gco:CharacterString>e832c80a-518a-1a1b-c9ca-d84b8e2ba042</gco:CharacterString>
  </gmd:fileIdentifier>
  <gmd:language>
    <gmd:LanguageCode codeList="http://www.loc.gov/standards/iso639-2/php/code_list.php" codeSpace="ISO639-2" codeListValue="eng">eng</gmd:LanguageCode>
  </gmd:language>
  <gmd:characterSet>
    <gmd:MD_CharacterSetCode codeList="http://www.isotc211.org/2005/resources/Codelist/gmxCodelists.xml#MD_CharacterSetCode" codeSpace="ISOTC211/19115" codeListValue="utf8">utf8</gmd:MD_CharacterSetCode>
  </gmd:characterSet>
  <gmd:hierarchyLevel>
    <gmd:MD_ScopeCode codeList="http://www.isotc211.org/2005/resources/Codelist/gmxCodelists.xml#MD_ScopeCode" codeSpace="ISOTC211/19115" codeListValue="dataset">dataset</gmd:MD_ScopeCode>
  </gmd:hierarchyLevel>
  <gmd:hierarchyLevelName>
    <gco:CharacterString>dataset</gco:CharacterString>
  </gmd:hierarchyLevelName>
  <gmd:contact/>
  <gmd:dateStamp>
    <gco:Date>2017-12-04</gco:Date>
  </gmd:dateStamp>
  <gmd:metadataStandardName>
    <gco:CharacterString>ISO 19139 Geographic Information - Metadata - Implementation Specification</gco:CharacterString>
  </gmd:metadataStandardName>
  <gmd:metadataStandardVersion>
    <gco:CharacterString>2007</gco:CharacterString>
  </gmd:metadataStandardVersion>
  <gmd:spatialRepresentationInfo>
    <gmd:MD_VectorSpatialRepresentation>
      <gmd:topologyLevel>
        <gmd:MD_TopologyLevelCode codeList="http://www.isotc211.org/2005/resources/Codelist/gmxCodelists.xml#MD_TopologyLevelCode" codeSpace="ISOTC211/19115" codeListValue="geometryOnly">geometryOnly</gmd:MD_TopologyLevelCode>
      </gmd:topologyLevel>
      <gmd:geometricObjects>
        <gmd:MD_GeometricObjects>
          <gmd:geometricObjectType>
            <gmd:MD_GeometricObjectTypeCode codeList="http://www.isotc211.org/2005/resources/Codelist/gmxCodelists.xml#MD_GeometricObjectTypeCode" codeSpace="ISOTC211/19115" codeListValue="composite">composite</gmd:MD_GeometricObjectTypeCode>
          </gmd:geometricObjectType>
          <gmd:geometricObjectCount>
            <gco:Integer>68</gco:Integer>
          </gmd:geometricObjectCount>
        </gmd:MD_GeometricObjects>
      </gmd:geometricObjects>
    </gmd:MD_VectorSpatialRepresentation>
  </gmd:spatialRepresentationInfo>
  <gmd:referenceSystemInfo>
    <gmd:MD_ReferenceSystem>
      <gmd:referenceSystemIdentifier>
        <gmd:RS_Identifier>
          <gmd:code>
            <gco:CharacterString>2193</gco:CharacterString>
          </gmd:code>
          <gmd:codeSpace>
            <gco:CharacterString>EPSG</gco:CharacterString>
          </gmd:codeSpace>
          <gmd:version>
            <gco:CharacterString>8.6.2</gco:CharacterString>
          </gmd:version>
        </gmd:RS_Identifier>
      </gmd:referenceSystemIdentifier>
    </gmd:MD_ReferenceSystem>
  </gmd:referenceSystemInfo>
  <gmd:identificationInfo>
    <gmd:MD_DataIdentification>
      <gmd:citation>
        <gmd:CI_Citation>
          <gmd:title>
            <gco:CharacterString>TA2018_V1_00_Clipped</gco:CharacterString>
          </gmd:title>
          <gmd:date/>
          <gmd:presentationForm>
            <gmd:CI_PresentationFormCode codeList="http://www.isotc211.org/2005/resources/Codelist/gmxCodelists.xml#CI_PresentationFormCode" codeSpace="ISOTC211/19115" codeListValue="mapDigital">mapDigital</gmd:CI_PresentationFormCode>
          </gmd:presentationForm>
        </gmd:CI_Citation>
      </gmd:citation>
      <gmd:abstract>
        <gco:CharacterString>TA2018_V1_00_Clipped is a major released version of the annually released territorial authority boundaries as at 1 January 2018, clipped to the coastline.This clipped version contains 67 territorial authorities and has been created for map creation/cartographic purposes and does not fully represent the official full extent boundaries.A territorial authority is defined under the Local Government Act 2002 as a city or a district council. There are 67 territorial authorities in New Zealand. This total reflects the amalgamation of the seven territorial authorities (Rodney District, North Shore City, Waitakere City, Auckland City, Manukau City, Papakura District, and Franklin District) into one Auckland Council in 2010.Territorial authorities are the second tier of local government in New Zealand, below regional councils. The 67 territorial authorities comprise 13 city councils including the Auckland council, 53 district councils, and the Chatham Islands Territory. Some territorial authority boundaries are coterminous with regional council boundaries but there are several exceptions. An example is Taupo District, which is split between four regions, although most of its area falls within the Waikato Region. When defining the boundaries of territorial authorities, the Local Government Commission bases considerable weight on the ‘community of interest’. Territorial authorities are defined at meshblock, statistical area 1 (SA1) and statistical area 2 (SA2) levels.The 2018 digital pattern includes the following territorial authorities: Territorial authority codeTerritorial authority name001Far North District002Whangarei District003Kaipara District011Thames-Coromandel District012Hauraki District013Waikato District015Matamata-Piako District016Hamilton City017Waipa District018Otorohanga District019South Waikato District020Waitomo District021Taupo District022Western Bay of Plenty District023Tauranga City024Rotorua District025Whakatane District026Kawerau District027Opotiki District028Gisborne District029Wairoa District030Hastings District031Napier City032Central Hawke's Bay District033New Plymouth District034Stratford District035South Taranaki District036Ruapehu District037Whanganui District038Rangitikei District039Manawatu District040Palmerston North City041Tararua District042Horowhenua District043Kapiti Coast District044Porirua City045Upper Hutt City046Lower Hutt City047Wellington City048Masterton District049Carterton District050South Wairarapa District051Tasman District052Nelson City053Marlborough District054Kaikoura District055Buller District056Grey District057Westland District058Hurunui District059Waimakariri District060Christchurch City062Selwyn District063Ashburton District064Timaru District065Mackenzie District066Waimate District067Chatham Islands Territory068Waitaki District069Central Otago District070Queenstown-Lakes District071Dunedin City072Clutha District073Southland District074Gore District075Invercargill City076Auckland099Area Outside Territorial AuthorityThe following table describes significant changes to the territorial authority boundaries and functions:YearChanges1989New Zealand’s local government structural arrangements were significantly reformed by the Local Government Commission in 1989. Prior to reformation there were 205 territorial local authorities: 28 cities, 78 boroughs, 67 counties, 31 districts, and 1 town district, as well as a multitude of ad-hoc authorities such as pest control boards, drainage boards, catchment boards, and domain and reserve boards.These were replaced by 74 territorial local authorities, 15 of which were cities and 58 districts. The exception was Chatham Islands County which retained its county status.1990Invercargill was proclaimed a city.1992Nelson-Marlborough Regional Council was abolished by a Local Government Amendment Act. Kaikoura District was transferred to the Canterbury Region. Nelson City, and Tasman and Marlborough districts became unitary authorities. 1995The Chatham Islands County was dissolved and reconstituted by a specific Act of Parliament as the "Chatham Islands Territory", with powers similar to those of territorial authorities and some functions similar to those of a regional council. This included the addition of territorial sea, a coastal buffer extending to twelve nautical miles from the coastline.1995Tasman District boundary extended to align with the Tasman Region boundary at the 12-mile limit.1998Not Applicable category changed to Area Outside Territorial Authority2004Tauranga District changed to Tauranga City.2006Banks Peninsula District merged into Christchurch City as a result of a Local Government Commission decision following a 2005 referendum. 2010Auckland Council established under the Local Government (Tamaki Makaurau Reorganisation) Act 2009. Rodney District, North Shore City, Waitakere City, Auckland City, Manukau City, Papakura District, and Franklin District territorial councils, and the Auckland Regional Council, were abolished to become a unitary authority known as the Auckland Council. The area now consists of one city council (with statutory provision for three Maori councillors), 13 wards, and 21 local boards.2015Wanganui District Council name changed to Whanganui District Council effective 1 December 2015.Digital boundary data became freely available on 1 July 2007.</gco:CharacterString>
      </gmd:abstract>
      <gmd:purpose>
        <gco:CharacterString>TA2018_V1_00_Clipped is a major released version of the annually released territorial authority boundaries as at 1 January 2018, clipped to the coastline. This clipped version contains 67 territorial authorities and has been created for map creation/cartographic purposes and does not fully represent the official full extent boundaries.</gco:CharacterString>
      </gmd:purpose>
      <gmd:descriptiveKeywords>
        <gmd:MD_Keywords>
          <gmd:keyword>
            <gco:CharacterString>Downloadable Data</gco:CharacterString>
          </gmd:keyword>
          <gmd:thesaurusName/>
        </gmd:MD_Keywords>
      </gmd:descriptiveKeywords>
      <gmd:descriptiveKeywords>
        <gmd:MD_Keywords>
          <gmd:keyword>
            <gco:CharacterString>TA</gco:CharacterString>
          </gmd:keyword>
          <gmd:keyword>
            <gco:CharacterString>Territorial Authority</gco:CharacterString>
          </gmd:keyword>
          <gmd:keyword>
            <gco:CharacterString>territorial authority</gco:CharacterString>
          </gmd:keyword>
          <gmd:keyword>
            <gco:CharacterString>ta</gco:CharacterString>
          </gmd:keyword>
        </gmd:MD_Keywords>
      </gmd:descriptiveKeywords>
      <gmd:spatialRepresentationType>
        <gmd:MD_SpatialRepresentationTypeCode codeList="http://www.isotc211.org/2005/resources/Codelist/gmxCodelists.xml#MD_SpatialRepresentationTypeCode" codeSpace="ISOTC211/19115" codeListValue="vector">vector</gmd:MD_SpatialRepresentationTypeCode>
      </gmd:spatialRepresentationType>
      <gmd:language>
        <gmd:LanguageCode codeList="http://www.loc.gov/standards/iso639-2/php/code_list.php" codeSpace="ISO639-2" codeListValue="eng">eng</gmd:LanguageCode>
      </gmd:language>
      <gmd:characterSet>
        <gmd:MD_CharacterSetCode codeList="http://www.isotc211.org/2005/resources/Codelist/gmxCodelists.xml#MD_CharacterSetCode" codeSpace="ISOTC211/19115" codeListValue="utf8">utf8</gmd:MD_CharacterSetCode>
      </gmd:characterSet>
      <gmd:environmentDescription>
        <gco:CharacterString>Version 6.2 (Build 9200) ; Esri ArcGIS 10.3.1.4959</gco:CharacterString>
      </gmd:environmentDescription>
      <gmd:extent>
        <gmd:EX_Extent>
          <gmd:geographicElement>
            <gmd:EX_GeographicBoundingBox>
              <gmd:extentTypeCode>
                <gco:Boolean>true</gco:Boolean>
              </gmd:extentTypeCode>
              <gmd:westBoundLongitude>
                <gco:Decimal>-180</gco:Decimal>
              </gmd:westBoundLongitude>
              <gmd:eastBoundLongitude>
                <gco:Decimal>180</gco:Decimal>
              </gmd:eastBoundLongitude>
              <gmd:southBoundLatitude>
                <gco:Decimal>-47.421563</gco:Decimal>
              </gmd:southBoundLatitude>
              <gmd:northBoundLatitude>
                <gco:Decimal>-33.773451</gco:Decimal>
              </gmd:northBoundLatitude>
            </gmd:EX_GeographicBoundingBox>
          </gmd:geographicElement>
        </gmd:EX_Extent>
      </gmd:extent>
    </gmd:MD_DataIdentification>
  </gmd:identificationInfo>
  <gmd:distributionInfo>
    <gmd:MD_Distribution>
      <gmd:distributionFormat>
        <gmd:MD_Format>
          <gmd:name>
            <gco:CharacterString>File Geodatabase Feature Class</gco:CharacterString>
          </gmd:name>
          <gmd:version/>
        </gmd:MD_Format>
      </gmd:distributionFormat>
      <gmd:transferOptions>
        <gmd:MD_DigitalTransferOptions>
          <gmd:onLine>
            <gmd:CI_OnlineResource>
              <gmd:linkage>
                <gmd:URL>https://datafinder.stats.govt.nz/layer/92215-territorial-authority-2018-clipped-generalised/</gmd:URL>
              </gmd:linkage>
            </gmd:CI_OnlineResource>
          </gmd:onLine>
        </gmd:MD_DigitalTransferOptions>
      </gmd:transferOptions>
    </gmd:MD_Distribution>
  </gmd:distributionInfo>
  <gmd:metadataConstraints>
    <gmd:MD_LegalConstraints>
      <gmd:useLimitation>Attribution 4.0 International</gmd:useLimitation>
      <gmd:useLimitation>http://creativecommons.org/licenses/by/4.0/</gmd:useLimitation>
      <gmd:useConstraints>
        <gmd:MD_RestrictionCode codeList="http://standards.iso.org/ittf/PubliclyAvailableStandards/ISO_19139_Schemas/resources/Codelist/gmxCodelists.xml#MD_RestrictionCode" codeListValue="license">license</gmd:MD_RestrictionCode>
      </gmd:useConstraints>
    </gmd:MD_LegalConstraints>
  </gmd:metadataConstraints>
</gmd:MD_Metadata>