<gmd:MD_Metadata xmlns:srv="http://www.isotc211.org/2005/srv" xmlns:gmd="http://www.isotc211.org/2005/gmd" xmlns:xlink="http://www.w3.org/1999/xlink" xmlns:gts="http://www.isotc211.org/2005/gts" xmlns:gml="http://www.opengis.net/gml" xmlns:gco="http://www.isotc211.org/2005/gco" xmlns="http://www.isotc211.org/2005/gmd">
  <gmd:fileIdentifier>
    <gco:CharacterString>e8e364e4-0b99-1617-f801-ad733313a4c2</gco:CharacterString>
  </gmd:fileIdentifier>
  <gmd:language>
    <gmd:LanguageCode codeList="http://www.loc.gov/standards/iso639-2/php/code_list.php" codeSpace="ISO639-2" codeListValue="eng">eng</gmd:LanguageCode>
  </gmd:language>
  <gmd:characterSet>
    <gmd:MD_CharacterSetCode codeList="http://www.isotc211.org/2005/resources/Codelist/gmxCodelists.xml#MD_CharacterSetCode" codeSpace="ISOTC211/19115" codeListValue="utf8">utf8</gmd:MD_CharacterSetCode>
  </gmd:characterSet>
  <gmd:hierarchyLevel>
    <gmd:MD_ScopeCode codeList="http://www.isotc211.org/2005/resources/Codelist/gmxCodelists.xml#MD_ScopeCode" codeSpace="ISOTC211/19115" codeListValue="dataset">dataset</gmd:MD_ScopeCode>
  </gmd:hierarchyLevel>
  <gmd:hierarchyLevelName>
    <gco:CharacterString>dataset</gco:CharacterString>
  </gmd:hierarchyLevelName>
  <gmd:contact/>
  <gmd:dateStamp>
    <gco:Date>2019-10-01</gco:Date>
  </gmd:dateStamp>
  <gmd:metadataStandardName>
    <gco:CharacterString>ISO 19139 Geographic Information - Metadata - Implementation Specification</gco:CharacterString>
  </gmd:metadataStandardName>
  <gmd:metadataStandardVersion>
    <gco:CharacterString>2007</gco:CharacterString>
  </gmd:metadataStandardVersion>
  <gmd:spatialRepresentationInfo>
    <gmd:MD_VectorSpatialRepresentation>
      <gmd:topologyLevel>
        <gmd:MD_TopologyLevelCode codeList="http://www.isotc211.org/2005/resources/Codelist/gmxCodelists.xml#MD_TopologyLevelCode" codeSpace="ISOTC211/19115" codeListValue="geometryOnly">geometryOnly</gmd:MD_TopologyLevelCode>
      </gmd:topologyLevel>
      <gmd:geometricObjects>
        <gmd:MD_GeometricObjects>
          <gmd:geometricObjectType>
            <gmd:MD_GeometricObjectTypeCode codeList="http://www.isotc211.org/2005/resources/Codelist/gmxCodelists.xml#MD_GeometricObjectTypeCode" codeSpace="ISOTC211/19115" codeListValue="composite">composite</gmd:MD_GeometricObjectTypeCode>
          </gmd:geometricObjectType>
          <gmd:geometricObjectCount>
            <gco:Integer>88</gco:Integer>
          </gmd:geometricObjectCount>
        </gmd:MD_GeometricObjects>
      </gmd:geometricObjects>
    </gmd:MD_VectorSpatialRepresentation>
  </gmd:spatialRepresentationInfo>
  <gmd:referenceSystemInfo>
    <gmd:MD_ReferenceSystem>
      <gmd:referenceSystemIdentifier>
        <gmd:RS_Identifier>
          <gmd:code>
            <gco:CharacterString>2193</gco:CharacterString>
          </gmd:code>
          <gmd:codeSpace>
            <gco:CharacterString>EPSG</gco:CharacterString>
          </gmd:codeSpace>
          <gmd:version>
            <gco:CharacterString>8.6.2</gco:CharacterString>
          </gmd:version>
        </gmd:RS_Identifier>
      </gmd:referenceSystemIdentifier>
    </gmd:MD_ReferenceSystem>
  </gmd:referenceSystemInfo>
  <gmd:identificationInfo>
    <gmd:MD_DataIdentification>
      <gmd:citation>
        <gmd:CI_Citation>
          <gmd:title>
            <gco:CharacterString>GMS_Core.DBO.TALB2018_V1_00_Census_2018_Age_Life_Cycle</gco:CharacterString>
          </gmd:title>
          <gmd:alternateTitle>
            <gco:CharacterString>2018 Census usually resident population and age groups by Territorial Authority</gco:CharacterString>
          </gmd:alternateTitle>
          <gmd:date/>
          <gmd:presentationForm>
            <gmd:CI_PresentationFormCode codeList="http://www.isotc211.org/2005/resources/Codelist/gmxCodelists.xml#CI_PresentationFormCode" codeSpace="ISOTC211/19115" codeListValue="mapDigital">mapDigital</gmd:CI_PresentationFormCode>
          </gmd:presentationForm>
        </gmd:CI_Citation>
      </gmd:citation>
      <gmd:abstract>
        <gco:CharacterString>This 2018 Census usually resident population and age groups by Territorial Authority and Auckland Local Board Areasdataset contains census usually resident population counts from the 2006, 2013, and 2018 Censuses by territorial authority and Auckland local board area. It contains counts by age group for the 2006, 2013, and 2018 Censuses, and percentage changes between the 2013 and 2018 Censuses. The life-cycle age groups are: under 15 years, 15 to 29 years, 30 to 64 years, and 65 years and over.These territorial authority and local board area boundaries extend to the 12 mile limit and are as at 1 January 2018, for further information see Territorial Authority 2018 (generalised)and Community Board 2018 (generalised)This data uses fixed random rounding to protect confidentiality, for further information see 2018 confidentiality rules. Values of ‘-999’ indicate suppressed data.For further information see the attachments included with the dataset on the Stats NZ Geographic Data Service: Information about the data, 2018 Census usually resident population and age groups by TALB2018 lookup, 2018 Census usually resident population and age groups by TALB2018.csv</gco:CharacterString>
      </gmd:abstract>
      <gmd:purpose>
        <gco:CharacterString>This 2018 Census usually resident population and age groups by Territorial Authority and Auckland Local Board Areas dataset contains census usually resident population counts from the 2006, 2013, and 2018 Censuses by territorial authority and Auckland local board area. It contains counts by age group for the 2006, 2013, and 2018 Censuses, and percentage changes between the 2013 and 2018 Censuses.</gco:CharacterString>
      </gmd:purpose>
      <gmd:credit>
        <gco:CharacterString>Stats NZ</gco:CharacterString>
      </gmd:credit>
      <gmd:descriptiveKeywords>
        <gmd:MD_Keywords>
          <gmd:keyword>
            <gco:CharacterString>Downloadable Data</gco:CharacterString>
          </gmd:keyword>
          <gmd:thesaurusName/>
        </gmd:MD_Keywords>
      </gmd:descriptiveKeywords>
      <gmd:descriptiveKeywords>
        <gmd:MD_Keywords>
          <gmd:keyword>
            <gco:CharacterString>Territorial Authority Local Boards</gco:CharacterString>
          </gmd:keyword>
          <gmd:keyword>
            <gco:CharacterString>Local Boards</gco:CharacterString>
          </gmd:keyword>
          <gmd:keyword>
            <gco:CharacterString>TALB</gco:CharacterString>
          </gmd:keyword>
          <gmd:keyword>
            <gco:CharacterString>CB</gco:CharacterString>
          </gmd:keyword>
          <gmd:keyword>
            <gco:CharacterString>Statistics New Zealand</gco:CharacterString>
          </gmd:keyword>
          <gmd:keyword>
            <gco:CharacterString>StatsNZ</gco:CharacterString>
          </gmd:keyword>
          <gmd:keyword>
            <gco:CharacterString>Statistics NZ</gco:CharacterString>
          </gmd:keyword>
          <gmd:keyword>
            <gco:CharacterString>Census 2018</gco:CharacterString>
          </gmd:keyword>
          <gmd:keyword>
            <gco:CharacterString>Occupied</gco:CharacterString>
          </gmd:keyword>
          <gmd:keyword>
            <gco:CharacterString>Unoccupied</gco:CharacterString>
          </gmd:keyword>
          <gmd:keyword>
            <gco:CharacterString>Dwelling</gco:CharacterString>
          </gmd:keyword>
          <gmd:keyword>
            <gco:CharacterString>percentage changes</gco:CharacterString>
          </gmd:keyword>
        </gmd:MD_Keywords>
      </gmd:descriptiveKeywords>
      <gmd:spatialRepresentationType>
        <gmd:MD_SpatialRepresentationTypeCode codeList="http://www.isotc211.org/2005/resources/Codelist/gmxCodelists.xml#MD_SpatialRepresentationTypeCode" codeSpace="ISOTC211/19115" codeListValue="vector">vector</gmd:MD_SpatialRepresentationTypeCode>
      </gmd:spatialRepresentationType>
      <gmd:language>
        <gmd:LanguageCode codeList="http://www.loc.gov/standards/iso639-2/php/code_list.php" codeSpace="ISO639-2" codeListValue="eng">eng</gmd:LanguageCode>
      </gmd:language>
      <gmd:characterSet>
        <gmd:MD_CharacterSetCode codeList="http://www.isotc211.org/2005/resources/Codelist/gmxCodelists.xml#MD_CharacterSetCode" codeSpace="ISOTC211/19115" codeListValue="utf8">utf8</gmd:MD_CharacterSetCode>
      </gmd:characterSet>
      <gmd:environmentDescription>
        <gco:CharacterString>Version 6.2 (Build 9200) ; Esri ArcGIS 10.3.1.4959</gco:CharacterString>
      </gmd:environmentDescription>
      <gmd:extent>
        <gmd:EX_Extent>
          <gmd:geographicElement>
            <gmd:EX_GeographicBoundingBox>
              <gmd:extentTypeCode>
                <gco:Boolean>true</gco:Boolean>
              </gmd:extentTypeCode>
              <gmd:westBoundLongitude>
                <gco:Decimal>-180</gco:Decimal>
              </gmd:westBoundLongitude>
              <gmd:eastBoundLongitude>
                <gco:Decimal>180</gco:Decimal>
              </gmd:eastBoundLongitude>
              <gmd:southBoundLatitude>
                <gco:Decimal>-47.841491</gco:Decimal>
              </gmd:southBoundLatitude>
              <gmd:northBoundLatitude>
                <gco:Decimal>-33.559984</gco:Decimal>
              </gmd:northBoundLatitude>
            </gmd:EX_GeographicBoundingBox>
          </gmd:geographicElement>
        </gmd:EX_Extent>
      </gmd:extent>
    </gmd:MD_DataIdentification>
  </gmd:identificationInfo>
  <gmd:distributionInfo>
    <gmd:MD_Distribution>
      <gmd:distributionFormat>
        <gmd:MD_Format>
          <gmd:name>
            <gco:CharacterString>SDE Feature Class</gco:CharacterString>
          </gmd:name>
          <gmd:version/>
        </gmd:MD_Format>
      </gmd:distributionFormat>
      <gmd:transferOptions>
        <gmd:MD_DigitalTransferOptions>
          <gmd:onLine>
            <gmd:CI_OnlineResource>
              <gmd:linkage>
                <gmd:URL>https://datafinder.stats.govt.nz/layer/103903-2018-census-usually-resident-population-and-age-groups-by-territorial-authority-and-auckland-local-board-areas/</gmd:URL>
              </gmd:linkage>
            </gmd:CI_OnlineResource>
          </gmd:onLine>
        </gmd:MD_DigitalTransferOptions>
      </gmd:transferOptions>
    </gmd:MD_Distribution>
  </gmd:distributionInfo>
  <gmd:metadataConstraints>
    <gmd:MD_Constraints>
      <gmd:useLimitation>
        <gco:CharacterString>https://creativecommons.org/licenses/by/4.0/</gco:CharacterString>
      </gmd:useLimitation>
    </gmd:MD_Constraints>
  </gmd:metadataConstraints>
  <gmd:metadataConstraints>
    <gmd:MD_LegalConstraints>
      <gmd:useLimitation>Attribution 4.0 International</gmd:useLimitation>
      <gmd:useLimitation>https://creativecommons.org/licenses/by/4.0/</gmd:useLimitation>
      <gmd:useConstraints>
        <gmd:MD_RestrictionCode codeList="http://standards.iso.org/ittf/PubliclyAvailableStandards/ISO_19139_Schemas/resources/Codelist/gmxCodelists.xml#MD_RestrictionCode" codeListValue="license">license</gmd:MD_RestrictionCode>
      </gmd:useConstraints>
    </gmd:MD_LegalConstraints>
  </gmd:metadataConstraints>
</gmd:MD_Metadata>