﻿UR2018_V1_00,UR2018_V1_00_NAME,IUR2018_V1_00,IUR2018_V1_00_NAME,LAND_AREA_SQ_KM,AREA_SQ_KM
1001,Pukenui,21,Rural settlement,20.70007287,20.70007287
1002,Kaimaumau,21,Rural settlement,36.6070206,36.6070206
1003,Tokerau Beach,21,Rural settlement,0.77961339,0.77961339
1004,Karikari,21,Rural settlement,6.65916427,6.65916427
1005,Awanui,21,Rural settlement,0.95750029,0.95750029
1006,Ahipara,21,Rural settlement,4.5292775,4.5292775
1007,Kaitaia,14,Small urban area,8.47816081,8.47816081
1008,Taipa,21,Rural settlement,0.5347142,0.5347142
1009,Cable Bay,21,Rural settlement,3.57718817,3.57718817
1010,Coopers Beach,21,Rural settlement,1.72422187,1.72422187
1011,Hihi,21,Rural settlement,1.43120517,1.43120517
1012,Mangonui,21,Rural settlement,4.39359916,4.39359916
1013,Other rural Far North District,22,Rural other,6463.014799,6463.014799
1014,Whangaroa,21,Rural settlement,1.27257833,1.27257833
1016,Kaeo,21,Rural settlement,1.37774768,1.37774768
1017,Kohukohu,21,Rural settlement,4.26653819,4.26653819
1018,Rawene,21,Rural settlement,2.14775254,2.14775254
1019,Opononi,21,Rural settlement,0.49683536,0.49683536
1020,Omapere,21,Rural settlement,12.89794032,12.89794032
1021,Okaihau,21,Rural settlement,3.55637814,3.55637814
1022,Waipapa,21,Rural settlement,1.07341475,1.07341475
1023,Inland water Far North District,31,Inland water,0,12.42943577
1024,Rangitane,21,Rural settlement,3.74606409,3.74606409
1025,Kerikeri,14,Small urban area,25.39946931,25.39946931
1026,Kaikohe,14,Small urban area,5.67512268,5.67512268
1027,Kerikeri Inlet,21,Rural settlement,14.12043291,14.12043291
1028,Ohaeawai,21,Rural settlement,12.80572372,12.80572372
1029,Ngawha Springs,21,Rural settlement,3.67958022,3.67958022
1030,Waitangi (Far North District),21,Rural settlement,17.20817347,17.20817347
1031,Haruru,21,Rural settlement,1.52772435,1.52772435
1032,Paihia,14,Small urban area,2.2421089,2.2421089
1033,Russell,21,Rural settlement,3.27931477,3.27931477
1034,Opua,14,Small urban area,5.62247307,5.62247307
1035,Moerewa,14,Small urban area,1.87566952,1.87566952
1036,Okiato,21,Rural settlement,0.32961652,0.32961652
1037,Kawakawa,14,Small urban area,1.73247964,1.73247964
1038,Oakura-Whangaruru South,21,Rural settlement,2.02827069,2.02827069
1039,Hikurangi,14,Small urban area,4.0002501,4.0002501
1040,Other rural Whangarei District,22,Rural other,2599.872832,2599.872832
1041,Maungatapere,21,Rural settlement,1.29077662,1.29077662
1042,Matapouri,21,Rural settlement,1.75531292,1.75531292
1043,Whangarei,12,Large urban area,57.05536974,57.05536974
1044,Ngunguru,21,Rural settlement,3.56520869,3.56520869
1046,Tutukaka,21,Rural settlement,6.93369434,6.93369434
1047,Pataua,21,Rural settlement,2.06217696,2.06217696
1048,Parua Bay,21,Rural settlement,1.86346818,1.86346818
1049,One Tree Point,14,Small urban area,2.58679996,2.58679996
1050,Ruakaka,14,Small urban area,15.79852036,15.79852036
1051,Whangarei Heads,21,Rural settlement,5.1599265,5.1599265
1052,Waipu,21,Rural settlement,2.90214101,2.90214101
1053,Waipu Cove-Langs Beach,21,Rural settlement,5.25577191,5.25577191
1054,Baylys Beach,21,Rural settlement,0.56311118,0.56311118
1055,Dargaville,14,Small urban area,12.55839585,12.55839585
1056,Te Kopuru,21,Rural settlement,2.63084467,2.63084467
1057,Other rural Kaipara District,22,Rural other,3056.013422,3056.013422
1058,Ruawai,21,Rural settlement,3.20720442,3.20720442
1059,Paparoa,21,Rural settlement,8.73295654,8.73295654
1060,Pahi,21,Rural settlement,5.61510835,5.61510835
1061,Maungaturoto,21,Rural settlement,3.17367067,3.17367067
1062,Kaiwaka,21,Rural settlement,7.23306786,7.23306786
1063,Mangawhai Heads,14,Small urban area,6.98889597,6.98889597
1064,Mangawhai,21,Rural settlement,1.99427586,1.99427586
1066,Port Albert,21,Rural settlement,2.61299927,2.61299927
1067,Te Hana,21,Rural settlement,0.77754947,0.77754947
1068,Wellsford,14,Small urban area,4.55282827,4.55282827
1069,Kaipara Flats,21,Rural settlement,1.52491968,1.52491968
1070,Shelly Beach,21,Rural settlement,0.30798642,0.30798642
1071,Warkworth,14,Small urban area,15.57838649,15.57838649
1072,Matakana,21,Rural settlement,1.59648451,1.59648451
1073,Whangateau,21,Rural settlement,1.16127955,1.16127955
1074,Point Wells,21,Rural settlement,0.80479644,0.80479644
1075,Leigh,21,Rural settlement,1.11549449,1.11549449
1076,Ti Point,21,Rural settlement,2.28790502,2.28790502
1077,Rainbows End,21,Rural settlement,0.21623247,0.21623247
1078,Omaha,21,Rural settlement,4.85158768,4.85158768
1079,Sandspit,21,Rural settlement,3.45992207,3.45992207
1080,Baddeleys Beach-Campbells Beach,21,Rural settlement,0.36057711,0.36057711
1081,Parakai,21,Rural settlement,1.45487644,1.45487644
1082,Snells Beach,14,Small urban area,3.82725987,3.82725987
1083,Kaukapakapa,21,Rural settlement,5.25846944,5.25846944
1084,Puhoi,21,Rural settlement,3.5948316,3.5948316
1085,Helensville,14,Small urban area,3.36590766,3.36590766
1086,Scotts Landing-Mahurangi East,21,Rural settlement,2.56006186,2.56006186
1087,Algies Bay,21,Rural settlement,12.80822168,12.80822168
1088,Mahurangi West,21,Rural settlement,0.26637075,0.26637075
1089,Waiwera,21,Rural settlement,0.55358301,0.55358301
1090,Kawau Island,21,Rural settlement,21.57182733,21.57182733
1091,Waimauku,14,Small urban area,5.63314315,5.63314315
1092,Muriwai,14,Small urban area,3.01225115,3.01225115
1093,Hibiscus Coast,12,Large urban area,42.90144768,42.90144768
1094,Kumeu-Huapai,14,Small urban area,6.3210669,6.3210669
1095,Stillwater,21,Rural settlement,0.44444528,0.44444528
1097,Riverhead,14,Small urban area,4.05197196,4.05197196
1098,Other rural Auckland,22,Rural other,3998.336478,3998.336478
1099,Bethells Beach,21,Rural settlement,5.37245137,5.37245137
1100,Okura,21,Rural settlement,0.36177166,0.36177166
1101,Paremoremo,21,Rural settlement,1.27552567,1.27552567
1102,Piha,21,Rural settlement,5.23830468,5.23830468
1103,Karekare,21,Rural settlement,6.02737205,6.02737205
1104,Inland water Auckland,31,Inland water,0,1.06657346
1105,Huia,21,Rural settlement,3.49316504,3.49316504
1106,Parau,21,Rural settlement,1.47847141,1.47847141
1107,Medlands Beach,21,Rural settlement,6.0377846,6.0377846
1108,Auckland,11,Major urban area,607.1001663,607.1001663
1109,Tryphena,21,Rural settlement,3.74435672,3.74435672
1110,Grahams Beach,21,Rural settlement,8.68147015,8.68147015
1111,Waiheke West,14,Small urban area,24.5798915,24.5798915
1112,Matakawau Point,21,Rural settlement,0.66375625,0.66375625
1113,Omiha,21,Rural settlement,0.63092027,0.63092027
1114,Clarks Beach,14,Small urban area,2.67302174,2.67302174
1115,Beachlands-Pine Harbour,14,Small urban area,8.81809092,8.81809092
1116,Maraetai,14,Small urban area,6.88515504,6.88515504
1117,Glenbrook Beach,21,Rural settlement,0.43460922,0.43460922
1118,Waiau Pa,21,Rural settlement,2.79262448,2.79262448
1119,Kingseat,21,Rural settlement,9.28147788,9.28147788
1120,Clevedon,21,Rural settlement,10.02533335,10.02533335
1121,Waiuku,14,Small urban area,7.70839674,7.70839674
1122,Patumahoe Village,21,Rural settlement,1.81984977,1.81984977
1123,Paerata,21,Rural settlement,9.16655708,9.16655708
1124,Kawakawa Bay,21,Rural settlement,11.3741487,11.3741487
1125,Pukekohe,13,Medium urban area,32.05414424,32.05414424
1126,Orere Point,21,Rural settlement,0.80156081,0.80156081
1127,Bombay,21,Rural settlement,5.88101574,5.88101574
1128,Coromandel,14,Small urban area,10.86995774,10.86995774
1129,Whangapoua,21,Rural settlement,0.74014915,0.74014915
1130,Matarangi,21,Rural settlement,3.920691,3.920691
1131,Rings Beach,21,Rural settlement,1.40896842,1.40896842
1133,Kuaotunu,21,Rural settlement,3.62848379,3.62848379
1134,Whitianga,14,Small urban area,17.34059387,17.34059387
1135,Tapu,21,Rural settlement,4.20476412,4.20476412
1136,Cooks Beach-Ferry Landing,21,Rural settlement,2.69680107,2.69680107
1137,Waiomu,21,Rural settlement,3.83271244,3.83271244
1138,Other rural Thames-Coromandel District,22,Rural other,2114.108739,2114.108739
1139,Te Puru,21,Rural settlement,1.96401224,1.96401224
1140,Thornton Bay-Ngarimu Bay,21,Rural settlement,0.94899505,0.94899505
1141,Hahei,21,Rural settlement,1.67026219,1.67026219
1142,Thames,14,Small urban area,15.56326284,15.56326284
1143,Tairua,14,Small urban area,4.17166395,4.17166395
1144,Pauanui,21,Rural settlement,9.89683611,9.89683611
1145,Puriri,21,Rural settlement,1.00119004,1.00119004
1146,Onemana,21,Rural settlement,0.6511819,0.6511819
1147,Whangamata,14,Small urban area,8.45990329,8.45990329
1148,Kaiaua,21,Rural settlement,4.6696461,4.6696461
1149,Ngatea,14,Small urban area,3.35368512,3.35368512
1150,Turua,21,Rural settlement,0.95557091,0.95557091
1151,Kerepehi,21,Rural settlement,2.17322006,2.17322006
1152,Other rural Hauraki District,22,Rural other,1233.565511,1233.565511
1153,Paeroa,14,Small urban area,6.86969579,6.86969579
1154,Karangahake,21,Rural settlement,6.43717993,6.43717993
1155,Whiritoa,21,Rural settlement,0.90775662,0.90775662
1156,Waikino,21,Rural settlement,1.74725339,1.74725339
1157,Waihi,14,Small urban area,9.4075495,9.4075495
1158,Port Waikato,21,Rural settlement,3.78517545,3.78517545
1159,Tuakau,14,Small urban area,5.35394097,5.35394097
1160,Pokeno,14,Small urban area,6.43987199,6.43987199
1161,Meremere,21,Rural settlement,1.57231833,1.57231833
1162,Te Kauwhata,14,Small urban area,1.73961842,1.73961842
1163,Inland water Waikato District,31,Inland water,0,47.34953541
1164,Other rural Waikato District,22,Rural other,4348.864586,4348.864586
1166,Huntly,14,Small urban area,14.55615316,14.55615316
1167,Raglan,14,Small urban area,4.90270989,4.90270989
1168,Taupiri,21,Rural settlement,1.73048561,1.73048561
1169,Ngaruawahia,14,Small urban area,9.42393297,9.42393297
1170,Horotiu,21,Rural settlement,3.23027786,3.23027786
1171,Te Kowhai,21,Rural settlement,0.74538756,0.74538756
1172,Whatawhata,21,Rural settlement,0.93838821,0.93838821
1173,Morrinsville,14,Small urban area,7.78051753,7.78051753
1174,Te Aroha,14,Small urban area,10.9740481,10.9740481
1175,Waitoa,21,Rural settlement,3.99025102,3.99025102
1176,Waihou,21,Rural settlement,1.28918382,1.28918382
1177,Other rural Matamata-Piako District,22,Rural other,1723.987929,1723.987929
1178,Waharoa,21,Rural settlement,1.22711864,1.22711864
1179,Matamata,14,Small urban area,6.15797099,6.15797099
1180,Hamilton,11,Major urban area,110.3728233,110.3728233
1181,Inland water Hamilton City,31,Inland water,0,0.56359674
1182,Ngahinapouri Settlement,21,Rural settlement,0.36991227,0.36991227
1183,Rukuhia,21,Rural settlement,0.45452609,0.45452609
1184,Pirongia,21,Rural settlement,3.26991434,3.26991434
1185,Ohaupo,21,Rural settlement,1.54169406,1.54169406
1186,Cambridge,13,Medium urban area,26.67152597,26.67152597
1187,Te Awamutu,13,Medium urban area,12.47847219,12.47847219
1188,Other rural Waipa District,22,Rural other,1414.231242,1414.231242
1189,Kihikihi,14,Small urban area,10.09255569,10.09255569
1190,Karapiro Village,21,Rural settlement,0.96476641,0.96476641
1191,Kawhia,21,Rural settlement,0.93549855,0.93549855
1193,Otorohanga,14,Small urban area,5.07349034,5.07349034
1194,Other rural Otorohanga District,22,Rural other,1993.163327,1993.163327
1195,Tirau,21,Rural settlement,1.68667188,1.68667188
1196,Arapuni,21,Rural settlement,1.83250617,1.83250617
1197,Putaruru,14,Small urban area,6.81212093,6.81212093
1198,Other rural South Waikato District,22,Rural other,1792.925209,1792.925209
1199,Tokoroa,13,Medium urban area,15.64572432,15.64572432
1200,Taharoa,21,Rural settlement,2.55271642,2.55271642
1202,Mokau,21,Rural settlement,19.82461942,19.82461942
1203,Other rural Waitomo District,22,Rural other,3501.418481,3501.418481
1204,Te Kuiti,14,Small urban area,8.41748884,8.41748884
1205,Piopio,21,Rural settlement,2.00968959,2.00968959
1206,Benneydale,21,Rural settlement,0.57613744,0.57613744
1207,Mangakino,21,Rural settlement,3.21902715,3.21902715
1208,Whakamaru,21,Rural settlement,1.59858366,1.59858366
1209,Atiamuri,21,Rural settlement,1.33587887,1.33587887
1210,Kinloch,21,Rural settlement,2.44961009,2.44961009
1211,Kuratau,21,Rural settlement,4.50321852,4.50321852
1212,Wairakei Village,21,Rural settlement,0.3598516,0.3598516
1213,Omori,21,Rural settlement,6.09044169,6.09044169
1214,Inland water Taupo District,31,Inland water,0,630.437645
1215,Taupo,13,Medium urban area,42.94154938,42.94154938
1216,Motuoapa,21,Rural settlement,3.33587757,3.33587757
1217,Turangi,14,Small urban area,7.53236993,7.53236993
1218,Oruatua-Te Rangiita-Waitetoko,21,Rural settlement,2.7371306,2.7371306
1219,Five Mile Bay-Waitahanui,21,Rural settlement,14.71776294,14.71776294
1220,Other rural Taupo District,22,Rural other,6242.765086,6242.765086
1221,Waihi Beach,14,Small urban area,4.83397332,4.83397332
1222,Athenree,21,Rural settlement,1.26291361,1.26291361
1223,Tanners Point,21,Rural settlement,0.44772695,0.44772695
1224,Bowentown,21,Rural settlement,1.47881938,1.47881938
1225,Ongare Point-Kauri Point,21,Rural settlement,0.82340194,0.82340194
1226,Katikati,14,Small urban area,9.53304506,9.53304506
1227,Fairview,21,Rural settlement,0.82404701,0.82404701
1229,Omokoroa,14,Small urban area,3.77183686,3.77183686
1231,Plummers Point,21,Rural settlement,0.60004494,0.60004494
1232,Te Puna West,21,Rural settlement,1.16846725,1.16846725
1233,Other rural Western Bay of Plenty District,22,Rural other,1904.645463,1904.645463
1234,Te Puke,14,Small urban area,13.39871393,13.39871393
1235,Maketu,21,Rural settlement,5.1545039,5.1545039
1236,Paengaroa,21,Rural settlement,1.5191107,1.5191107
1237,Pukehina Beach,21,Rural settlement,1.56624761,1.56624761
1239,Tauranga,11,Major urban area,135.1164046,135.1164046
1240,Mamaku,21,Rural settlement,2.67175148,2.67175148
1241,Hamurana,21,Rural settlement,8.35499446,8.35499446
1242,Ngongotaha,14,Small urban area,12.9052576,12.9052576
1243,Okere Falls,21,Rural settlement,1.68052887,1.68052887
1244,Mourea,21,Rural settlement,6.53291971,6.53291971
1245,Tikitere,21,Rural settlement,4.2408317,4.2408317
1246,Rotorua,12,Large urban area,48.04126919,48.04126919
1247,Inland water Rotorua District,31,Inland water,0,209.9475097
1248,Rotoiti,21,Rural settlement,5.85957791,5.85957791
1249,Lake Okareka,21,Rural settlement,1.46070251,1.46070251
1250,Other rural Rotorua District,22,Rural other,2300.746446,2300.746446
1251,Lake Tarawera,21,Rural settlement,4.49813577,4.49813577
1252,Rotoma,21,Rural settlement,0.72112259,0.72112259
1253,Kaingaroa,21,Rural settlement,11.28546821,11.28546821
1254,Matata,21,Rural settlement,0.77397658,0.77397658
1255,Edgecumbe,14,Small urban area,2.00806439,2.00806439
1256,Te Teko,21,Rural settlement,0.37694848,0.37694848
1257,Whakatane,13,Medium urban area,24.81070448,24.81070448
1258,Ohope,14,Small urban area,6.33352735,6.33352735
1259,Taneatua,21,Rural settlement,0.68637486,0.68637486
1261,Other rural Whakatane District,22,Rural other,4408.816155,4408.816155
1262,Murupara,14,Small urban area,6.21299834,6.21299834
1263,Kawerau,14,Small urban area,23.63192487,23.63192487
1265,Ohiwa,21,Rural settlement,3.95266218,3.95266218
1266,Opotiki,14,Small urban area,10.15170654,10.15170654
1267,Te Kaha,21,Rural settlement,16.17156519,16.17156519
1268,Other rural Opotiki District,22,Rural other,3058.942986,3058.942986
1269,Hicks Bay,21,Rural settlement,1.28469543,1.28469543
1270,Te Araroa,21,Rural settlement,1.6949946,1.6949946
1271,Ruatoria,21,Rural settlement,13.18740047,13.18740047
1272,Other rural Gisborne District,22,Rural other,8301.738853,8301.738853
1273,Te Karaka,21,Rural settlement,2.9138046,2.9138046
1274,Tokomaru Bay,21,Rural settlement,8.37059752,8.37059752
1275,Patutahi,21,Rural settlement,3.11461587,3.11461587
1276,Manutuke,21,Rural settlement,9.80643196,9.80643196
1277,Tolaga Bay,21,Rural settlement,7.54464914,7.54464914
1278,Gisborne,12,Large urban area,36.17057574,36.17057574
1279,Inland water Wairoa District,31,Inland water,0,53.26344556
1280,Tuai,21,Rural settlement,21.98552881,21.98552881
1281,Other rural Wairoa District,22,Rural other,4040.465316,4040.465316
1282,Frasertown,21,Rural settlement,1.36841137,1.36841137
1283,Wairoa,14,Small urban area,7.56757987,7.56757987
1284,Nuhaka,21,Rural settlement,1.4407417,1.4407417
1285,Mahia Beach,21,Rural settlement,4.04887133,4.04887133
1286,Other rural Hastings District,22,Rural other,5150.624487,5150.624487
1287,Whirinaki,21,Rural settlement,1.23720347,1.23720347
1288,Hastings,12,Large urban area,24.42239758,24.42239758
1289,Clive,14,Small urban area,14.86661246,14.86661246
1290,Whakatu,21,Rural settlement,3.72737587,3.72737587
1291,Haumoana,21,Rural settlement,4.86495296,4.86495296
1292,Havelock North,13,Medium urban area,22.51659966,22.51659966
1293,Te Awanga,21,Rural settlement,2.89778787,2.89778787
1294,Waimarama,21,Rural settlement,1.61136778,1.61136778
1296,Napier,12,Large urban area,104.902836,104.902836
1297,Tikokino,21,Rural settlement,0.77703588,0.77703588
1298,Ongaonga,21,Rural settlement,10.53483885,10.53483885
1299,Takapau,21,Rural settlement,3.18048425,3.18048425
1300,Otane,21,Rural settlement,0.93817146,0.93817146
1301,Waipawa,14,Small urban area,6.80232413,6.80232413
1302,Waipukurau,14,Small urban area,8.03541107,8.03541107
1303,Other rural Central Hawke's Bay District,22,Rural other,3302.349682,3302.349682
1304,Porangahau,21,Rural settlement,0.42886315,0.42886315
1305,Oakura (New Plymouth District),14,Small urban area,1.6771763,1.6771763
1306,Okato,21,Rural settlement,1.02516381,1.02516381
1307,New Plymouth,12,Large urban area,75.49495668,75.49495668
1308,Waitara,14,Small urban area,5.66037062,5.66037062
1309,Lepperton,21,Rural settlement,7.62566233,7.62566233
1310,Egmont Village,21,Rural settlement,1.44482984,1.44482984
1311,Onaero Beach,21,Rural settlement,0.15357814,0.15357814
1312,Urenui,21,Rural settlement,3.65428389,3.65428389
1313,Inglewood,14,Small urban area,2.94435948,2.94435948
1314,Other rural New Plymouth District,22,Rural other,2105.844457,2105.844457
1315,Midhirst,21,Rural settlement,1.82490813,1.82490813
1316,Stratford,14,Small urban area,8.53797822,8.53797822
1317,Other rural Stratford District,22,Rural other,2153.055916,2153.055916
1318,Opunake,14,Small urban area,3.76514248,3.76514248
1319,Kaponga,21,Rural settlement,1.55572821,1.55572821
1320,Manaia,21,Rural settlement,2.54568858,2.54568858
1321,Eltham,14,Small urban area,3.4120219,3.4120219
1322,Ohawe,21,Rural settlement,0.90262812,0.90262812
1323,Normanby,21,Rural settlement,1.06466385,1.06466385
1324,Hawera,14,Small urban area,25.19974089,25.19974089
1325,Other rural South Taranaki District,22,Rural other,3527.762627,3527.762627
1326,Patea,14,Small urban area,6.15358793,6.15358793
1327,Waverley,21,Rural settlement,2.27570916,2.27570916
1328,Waitotara,21,Rural settlement,0.25017047,0.25017047
1329,Waiinu Beach,21,Rural settlement,0.24904566,0.24904566
1330,Ohura,21,Rural settlement,3.24540948,3.24540948
1331,Taumarunui,14,Small urban area,13.65027081,13.65027081
1332,Owhango,21,Rural settlement,0.60664996,0.60664996
1333,Other rural Ruapehu District,22,Rural other,6699.044685,6699.044685
1334,Raurimu,21,Rural settlement,0.88037012,0.88037012
1335,National Park,21,Rural settlement,0.89187507,0.89187507
1336,Raetihi,14,Small urban area,3.86281296,3.86281296
1337,Ohakune,14,Small urban area,6.44049317,6.44049317
1338,Rangataua,21,Rural settlement,0.77177727,0.77177727
1339,Waiouru,21,Rural settlement,5.01061607,5.01061607
1340,Kai Iwi,21,Rural settlement,0.8639411,0.8639411
1341,Other rural Whanganui District,22,Rural other,2332.044498,2332.044498
1342,Whanganui,12,Large urban area,40.3491892,40.3491892
1343,Ratana,21,Rural settlement,0.21162162,0.21162162
1344,Koitiata,21,Rural settlement,0.21173226,0.21173226
1345,Other rural Rangitikei District,22,Rural other,4454.409933,4454.409933
1346,Taihape,14,Small urban area,4.9344456,4.9344456
1347,Marton,14,Small urban area,13.59298839,13.59298839
1348,Hunterville,21,Rural settlement,3.21876556,3.21876556
1349,Mangaweka,21,Rural settlement,0.46921589,0.46921589
1350,Bulls,14,Small urban area,6.69567673,6.69567673
1351,Tangimoana,21,Rural settlement,0.52741427,0.52741427
1352,Ohakea,21,Rural settlement,6.05606905,6.05606905
1353,Halcombe,21,Rural settlement,4.1395395,4.1395395
1354,Sanson,21,Rural settlement,0.60445194,0.60445194
1355,Himatangi Beach,21,Rural settlement,0.95359452,0.95359452
1356,Rongotea,21,Rural settlement,0.58155392,0.58155392
1357,Feilding,13,Medium urban area,23.65427274,23.65427274
1358,Other rural Manawatu District,22,Rural other,2520.57614,2520.57614
1359,Kimbolton,21,Rural settlement,1.32146331,1.32146331
1360,Pohangina,21,Rural settlement,5.9056808,5.9056808
1361,Hiwinui,21,Rural settlement,2.41648772,2.41648772
1362,Bunnythorpe,21,Rural settlement,4.26148451,4.26148451
1363,Longburn,21,Rural settlement,0.93392102,0.93392102
1364,Palmerston North,12,Large urban area,76.91889368,76.91889368
1365,Ashhurst,14,Small urban area,4.23333772,4.23333772
1366,Other rural Palmerston North City,22,Rural other,308.3570149,308.3570149
1367,Woodville,14,Small urban area,4.03940482,4.03940482
1368,Norsewood,21,Rural settlement,0.37592534,0.37592534
1369,Dannevirke,14,Small urban area,6.81297296,6.81297296
1370,Pahiatua,14,Small urban area,3.86144476,3.86144476
1371,Ormondville,21,Rural settlement,0.28850925,0.28850925
1372,Eketahuna,21,Rural settlement,4.15448586,4.15448586
1373,Other rural Tararua District,22,Rural other,4343.949533,4343.949533
1374,Pongaroa,21,Rural settlement,1.09421326,1.09421326
1375,Foxton Beach,14,Small urban area,2.63736367,2.63736367
1376,Waitarere Beach,21,Rural settlement,1.6260103,1.6260103
1377,Foxton,14,Small urban area,11.57109146,11.57109146
1378,Hokio Beach,21,Rural settlement,0.92308809,0.92308809
1379,Waikawa Beach,21,Rural settlement,1.51078463,1.51078463
1380,Ohau,21,Rural settlement,6.11845262,6.11845262
1381,Levin,13,Medium urban area,22.43195154,22.43195154
1382,Other rural Horowhenua District,22,Rural other,1002.081947,1002.081947
1383,Shannon,14,Small urban area,2.94390833,2.94390833
1384,Tokomaru,21,Rural settlement,2.53719032,2.53719032
1385,Manakau,21,Rural settlement,5.66434121,5.66434121
1386,Mangaore,21,Rural settlement,3.94465521,3.94465521
1387,Otaki Beach,14,Small urban area,3.36764189,3.36764189
1388,Te Horo Beach,21,Rural settlement,0.33137814,0.33137814
1389,Otaki,14,Small urban area,9.2147416,9.2147416
1390,Waikanae,13,Medium urban area,29.61396243,29.61396243
1391,Paraparaumu,13,Medium urban area,28.60878695,28.60878695
1392,Paekakariki,14,Small urban area,5.89331726,5.89331726
1393,Other rural Kapiti Coast District,22,Rural other,654.4701697,654.4701697
1394,Porirua,12,Large urban area,60.95889958,60.95889958
1396,Other rural Porirua City,22,Rural other,113.850896,113.850896
1397,Other rural Upper Hutt City,22,Rural other,488.6978507,488.6978507
1398,Upper Hutt,12,Large urban area,51.17114546,51.17114546
1399,Lower Hutt,11,Major urban area,78.51667151,78.51667151
1400,Other rural Lower Hutt City,22,Rural other,297.8867333,297.8867333
1401,Other rural Wellington City,22,Rural other,177.4890386,177.4890386
1402,Wellington,11,Major urban area,112.2869485,112.2869485
1403,Masterton,13,Medium urban area,21.52405419,21.52405419
1404,Other rural Masterton District,22,Rural other,2277.858391,2277.858391
1405,Castlepoint,21,Rural settlement,0.81352798,0.81352798
1406,Carterton,14,Small urban area,5.29755783,5.29755783
1407,Other rural Carterton District,22,Rural other,1174.671421,1174.671421
1408,Featherston,14,Small urban area,3.18171315,3.18171315
1409,Inland water South Wairarapa District,31,Inland water,0,70.90791359
1410,Greytown,14,Small urban area,5.07015371,5.07015371
1411,Martinborough,14,Small urban area,4.49942023,4.49942023
1412,Other rural South Wairarapa District,22,Rural other,2374.185633,2374.185633
1413,Three Kings Islands,22,Rural other,4.96643395,4.96643395
1417,Islands Bay of Plenty Region,22,Rural other,24.8856882,24.8856882
1420,Island Hawke's Bay Region,22,Rural other,0.13162933,0.13162933
2001,Collingwood,21,Rural settlement,1.7354204,1.7354204
2002,Parapara,21,Rural settlement,0.68697656,0.68697656
2004,Takaka,14,Small urban area,12.34227073,12.34227073
2005,Ligar Bay,21,Rural settlement,2.23864634,2.23864634
2006,Pohara,21,Rural settlement,8.06134878,8.06134878
2007,Marahau,21,Rural settlement,6.14440459,6.14440459
2008,Kaiteriteri,21,Rural settlement,3.54913174,3.54913174
2009,Riwaka,21,Rural settlement,5.49193705,5.49193705
2010,Motueka,14,Small urban area,13.66350297,13.66350297
2011,Other rural Tasman District,22,Rural other,9495.277806,9495.277806
2012,Tasman,21,Rural settlement,6.54462046,6.54462046
2013,Tapawera,21,Rural settlement,5.89043953,5.89043953
2014,Ruby Bay,21,Rural settlement,2.96183765,2.96183765
2015,Murchison,21,Rural settlement,4.62219201,4.62219201
2016,Mapua,21,Rural settlement,2.3165713,2.3165713
2017,Wakefield,14,Small urban area,9.98045844,9.98045844
2018,Brightwater,14,Small urban area,4.83792451,4.83792451
2019,Hope,14,Small urban area,7.44446535,7.44446535
2020,Richmond,13,Medium urban area,17.3681873,17.3681873
2021,Inland water Tasman District,31,Inland water,0,33.50548901
2022,St Arnaud,21,Rural settlement,6.29073329,6.29073329
2024,Nelson,12,Large urban area,54.32799885,54.32799885
2025,Other rural Nelson City,22,Rural other,366.3944029,366.3944029
2026,Okiwi Bay,21,Rural settlement,1.08155542,1.08155542
2027,Rai Valley,21,Rural settlement,27.97456006,27.97456006
2028,Havelock,21,Rural settlement,1.67183316,1.67183316
2030,Anakiwa,21,Rural settlement,1.16793681,1.16793681
2031,Wairau Valley,21,Rural settlement,3.49848493,3.49848493
2032,Ngakuta Bay,21,Rural settlement,0.31415597,0.31415597
2033,Picton,14,Small urban area,9.167761,9.167761
2034,Other rural Marlborough District,22,Rural other,10362.12704,10362.12704
2035,Renwick,14,Small urban area,2.31961038,2.31961038
2036,Tuamarina,21,Rural settlement,9.68380065,9.68380065
2037,Woodbourne,21,Rural settlement,3.79171438,3.79171438
2038,Spring Creek,21,Rural settlement,3.30150086,3.30150086
2039,Marlborough Ridge,21,Rural settlement,1.51355317,1.51355317
2040,Rarangi,21,Rural settlement,4.81746595,4.81746595
2041,Grovetown,21,Rural settlement,2.88295663,2.88295663
2042,Blenheim,13,Medium urban area,17.20417753,17.20417753
2043,Seddon,21,Rural settlement,1.66268065,1.66268065
2044,Inland water Marlborough District,31,Inland water,0,12.79037069
2045,Ward,21,Rural settlement,3.56470066,3.56470066
2046,Other rural Kaikoura District,22,Rural other,2037.537398,2037.537398
2047,Kaikoura,14,Small urban area,9.25443297,9.25443297
2048,Karamea,21,Rural settlement,66.08883675,66.08883675
2050,Carters Beach,21,Rural settlement,0.58653428,0.58653428
2051,Westport,14,Small urban area,11.53145143,11.53145143
2052,Ngakawau,21,Rural settlement,2.5318155,2.5318155
2053,Granity,21,Rural settlement,1.94932418,1.94932418
2054,Waimangaroa,21,Rural settlement,1.6028098,1.6028098
2055,Other rural Buller District,22,Rural other,7856.419887,7856.419887
2056,Reefton,14,Small urban area,2.6264293,2.6264293
2057,Runanga,14,Small urban area,4.50515421,4.50515421
2058,Greymouth,14,Small urban area,27.4474315,27.4474315
2059,Blackball,21,Rural settlement,1.93529601,1.93529601
2060,Dobson,21,Rural settlement,4.18743288,4.18743288
2061,Ahaura,21,Rural settlement,0.38632065,0.38632065
2062,Other rural Grey District,22,Rural other,3414.525381,3414.525381
2063,Moana,21,Rural settlement,0.5830989,0.5830989
2064,Inland water Grey District,31,Inland water,0,41.14470369
2065,Gloriavale,21,Rural settlement,20.73429725,20.73429725
2066,Haast,21,Rural settlement,0.57277544,0.57277544
2068,Hokitika,14,Small urban area,3.90935844,3.90935844
2069,Kaniere,21,Rural settlement,1.29901791,1.29901791
2070,Ross,21,Rural settlement,8.70945473,8.70945473
2071,Kumara,21,Rural settlement,2.69393009,2.69393009
2072,Inland water Westland District,31,Inland water,0,34.89466771
2073,Fox Glacier,21,Rural settlement,1.91618579,1.91618579
2074,Other rural Westland District,22,Rural other,11752.94623,11752.94623
2075,Franz Josef,21,Rural settlement,5.30591049,5.30591049
2076,Harihari,21,Rural settlement,50.46151564,50.46151564
2077,Inland water Hurunui District,31,Inland water,0,13.53773114
2078,Hanmer Springs,21,Rural settlement,4.23035211,4.23035211
2079,Other rural Hurunui District,22,Rural other,8625.220689,8625.220689
2080,Rotherham,21,Rural settlement,0.56324922,0.56324922
2081,Culverden,21,Rural settlement,1.03726769,1.03726769
2082,Hawarden,21,Rural settlement,0.9771934,0.9771934
2083,Waiau,21,Rural settlement,0.97270201,0.97270201
2084,Waikari,21,Rural settlement,0.79130724,0.79130724
2085,Waipara,21,Rural settlement,0.59325935,0.59325935
2086,Amberley,14,Small urban area,3.62839288,3.62839288
2087,Leithfield,21,Rural settlement,1.28951776,1.28951776
2088,Amberley Beach,21,Rural settlement,0.27094725,0.27094725
2089,Cheviot,21,Rural settlement,1.05522838,1.05522838
2090,Leithfield Beach,21,Rural settlement,0.29104807,0.29104807
2091,Oxford,14,Small urban area,11.82865948,11.82865948
2092,Other rural Waimakariri District,22,Rural other,2151.769386,2151.769386
2093,Cust,21,Rural settlement,2.78154605,2.78154605
2094,Ashley,21,Rural settlement,4.66007299,4.66007299
2095,Sefton,21,Rural settlement,0.87479414,0.87479414
2096,Rangiora,13,Medium urban area,15.25162087,15.25162087
2097,Waikuku,21,Rural settlement,1.59735645,1.59735645
2098,Waikuku Beach,21,Rural settlement,1.29868758,1.29868758
2099,Woodend,14,Small urban area,3.48748915,3.48748915
2100,Pegasus,14,Small urban area,6.33744603,6.33744603
2101,Woodend Beach,21,Rural settlement,2.62411464,2.62411464
2102,Kaiapoi,13,Medium urban area,14.32806583,14.32806583
2103,The Pines Beach,21,Rural settlement,0.59224103,0.59224103
2105,Spencerville,21,Rural settlement,0.33637144,0.33637144
2106,Christchurch,11,Major urban area,295.1528113,295.1528113
2107,Governors Bay,21,Rural settlement,3.22077681,3.22077681
2108,Lyttelton,14,Small urban area,4.45583763,4.45583763
2109,Diamond Harbour,14,Small urban area,4.06451978,4.06451978
2110,Purau,21,Rural settlement,0.2122409,0.2122409
2111,Inland water Christchurch City,31,Inland water,0,69.25567261
2112,Other rural Christchurch City,22,Rural other,1095.3278,1095.3278
2114,Birdlings Flat,21,Rural settlement,0.46842734,0.46842734
2115,Little River,21,Rural settlement,2.6379066,2.6379066
2116,Duvauchelle,21,Rural settlement,1.64811145,1.64811145
2117,Takamatua,21,Rural settlement,6.29854522,6.29854522
2118,Akaroa,21,Rural settlement,2.03197111,2.03197111
2119,Arthurs Pass,21,Rural settlement,0.27238877,0.27238877
2120,Castle Hill,21,Rural settlement,0.61429721,0.61429721
2121,Other rural Selwyn District,22,Rural other,6301.989432,6301.989432
2122,Springfield,21,Rural settlement,1.88860537,1.88860537
2123,Malvern Hills-Whitecliffs,21,Rural settlement,1.24195602,1.24195602
2124,Sheffield and Waddington,21,Rural settlement,0.77712314,0.77712314
2125,Glentunnel,21,Rural settlement,0.20794634,0.20794634
2126,Coalgate,21,Rural settlement,0.74741975,0.74741975
2127,Hororata,21,Rural settlement,1.16272535,1.16272535
2128,Darfield,14,Small urban area,15.14334504,15.14334504
2129,Kirwee,21,Rural settlement,3.6807446,3.6807446
2130,West Melton,14,Small urban area,5.31955822,5.31955822
2131,Dunsandel,21,Rural settlement,1.93619858,1.93619858
2132,Burnham Camp,21,Rural settlement,1.49394208,1.49394208
2133,Inland water Selwyn District,31,Inland water,0,171.6954544
2134,Rolleston,13,Medium urban area,22.07598618,22.07598618
2135,Prebbleton,14,Small urban area,5.09915618,5.09915618
2136,Springston,21,Rural settlement,0.36774072,0.36774072
2137,Leeston,14,Small urban area,2.43680163,2.43680163
2138,Doyleston,21,Rural settlement,0.60369027,0.60369027
2139,Lincoln,14,Small urban area,9.05884709,9.05884709
2140,Southbridge,21,Rural settlement,2.2197818,2.2197818
2141,Selwyn Huts,21,Rural settlement,0.12836238,0.12836238
2142,Tai Tapu,21,Rural settlement,2.42079368,2.42079368
2143,Inland water Ashburton District,31,Inland water,0,7.82816208
2144,Other rural Ashburton District,22,Rural other,6110.834789,6110.834789
2145,Mount Somers,21,Rural settlement,2.61574473,2.61574473
2146,Methven,14,Small urban area,4.1828788,4.1828788
2147,Hinds,21,Rural settlement,2.17833976,2.17833976
2148,Ashburton,13,Medium urban area,37.93211102,37.93211102
2149,Rakaia,14,Small urban area,11.30243187,11.30243187
2150,Lake Hood,21,Rural settlement,12.64273784,12.64273784
2151,Other rural Timaru District,22,Rural other,2670.532289,2670.532289
2152,Woodbury,21,Rural settlement,0.25989034,0.25989034
2153,Geraldine,14,Small urban area,3.12428733,3.12428733
2154,Cave,21,Rural settlement,1.23841466,1.23841466
2155,Orari,21,Rural settlement,3.16894328,3.16894328
2156,Pleasant Point,14,Small urban area,5.20861353,5.20861353
2157,Winchester,21,Rural settlement,0.67894278,0.67894278
2158,Temuka,14,Small urban area,8.37054506,8.37054506
2159,Waipopo,21,Rural settlement,0.23801788,0.23801788
2160,Milford Huts,21,Rural settlement,1.27253286,1.27253286
2161,Timaru,13,Medium urban area,33.98322377,33.98322377
2163,Pareora,21,Rural settlement,4.32924481,4.32924481
2164,Mt Cook Village,21,Rural settlement,9.68129124,9.68129124
2165,Inland water Mackenzie District,31,Inland water,0,303.6935327
2166,Other rural Mackenzie District,22,Rural other,7098.774949,7098.774949
2167,Tekapo,21,Rural settlement,4.17861836,4.17861836
2168,Twizel,14,Small urban area,21.07163983,21.07163983
2169,Fairlie,21,Rural settlement,4.95412588,4.95412588
2170,Inland water Waimate District,31,Inland water,0,28.66163152
2171,Other rural Waimate District,22,Rural other,3543.133795,3543.133795
2172,St Andrews,21,Rural settlement,0.59030787,0.59030787
2173,Makikihi,21,Rural settlement,0.34419085,0.34419085
2174,Waimate,14,Small urban area,7.99394692,7.99394692
2175,Glenavy,21,Rural settlement,2.40037215,2.40037215
2177,Waitangi (Chatham Islands),21,Rural settlement,4.85108869,4.85108869
2178,Other rural Chatham Islands,22,Rural other,789.0961309,789.0961309
2179,Inland water Chatham Islands,31,Inland water,0,14.3789437
2180,Inland water Waitaki District,31,Inland water,0,108.5386564
2181,Omarama,21,Rural settlement,8.3067113,8.3067113
2182,Otematata,21,Rural settlement,2.42874632,2.42874632
2183,Other rural Waitaki District,22,Rural other,7042.092931,7042.092931
2184,Kurow,21,Rural settlement,4.90646888,4.90646888
2185,Duntroon,21,Rural settlement,5.13298796,5.13298796
2186,Maheno,21,Rural settlement,0.56253997,0.56253997
2187,Oamaru,13,Medium urban area,21.45849625,21.45849625
2188,Herbert,21,Rural settlement,1.10748487,1.10748487
2190,Kakanui,21,Rural settlement,2.02438874,2.02438874
2191,Hampden,21,Rural settlement,2.5514509,2.5514509
2192,Moeraki,21,Rural settlement,8.53570202,8.53570202
2193,Palmerston,21,Rural settlement,8.77063444,8.77063444
2194,Pisa Moorings,21,Rural settlement,1.34637009,1.34637009
2195,Cromwell,14,Small urban area,15.62989337,15.62989337
2196,Bannockburn,21,Rural settlement,16.90938207,16.90938207
2197,Clyde,21,Rural settlement,2.08467545,2.08467545
2198,Inland water Central Otago District,31,Inland water,0,35.05017112
2199,Omakau,21,Rural settlement,21.44303149,21.44303149
2200,Alexandra,14,Small urban area,9.76016929,9.76016929
2201,Other rural Central Otago District,22,Rural other,9849.620105,9849.620105
2202,Lake Roxburgh Village,21,Rural settlement,0.68741286,0.68741286
2203,Roxburgh,21,Rural settlement,2.06066555,2.06066555
2204,Naseby,21,Rural settlement,0.86019501,0.86019501
2205,Ranfurly,21,Rural settlement,3.8696258,3.8696258
2206,Ettrick,21,Rural settlement,8.15657167,8.15657167
2207,Millers Flat,21,Rural settlement,0.9956041,0.9956041
2208,Glenorchy,21,Rural settlement,3.93118802,3.93118802
2209,Other rural Queenstown-Lakes District,22,Rural other,8599.193888,8599.193888
2210,Inland water Queenstown-Lakes District,31,Inland water,0,655.4910331
2211,Arthurs Point,14,Small urban area,5.52125467,5.52125467
2212,Wanaka,14,Small urban area,28.60625824,28.60625824
2213,Lake Hawea,21,Rural settlement,2.38899517,2.38899517
2214,Millbrook,21,Rural settlement,3.29330939,3.29330939
2215,Hawea Flat,21,Rural settlement,16.65719046,16.65719046
2216,Arrowtown,14,Small urban area,2.361622,2.361622
2217,Queenstown,13,Medium urban area,28.39922644,28.39922644
2218,Lake Hayes,14,Small urban area,10.90691216,10.90691216
2219,Jacks Point,21,Rural settlement,14.48030644,14.48030644
2220,Luggate,21,Rural settlement,1.1905692,1.1905692
2221,Kingston,21,Rural settlement,2.77596453,2.77596453
2222,Middlemarch,21,Rural settlement,1.05463374,1.05463374
2223,Other rural Dunedin City,22,Rural other,3142.549599,3142.549599
2224,Outram,21,Rural settlement,0.79820144,0.79820144
2225,Waikouaiti,14,Small urban area,7.32714881,7.32714881
2226,Karitane,21,Rural settlement,1.29340065,1.29340065
2227,Allanton,21,Rural settlement,0.75475467,0.75475467
2228,Warrington,21,Rural settlement,7.39115342,7.39115342
2229,Mosgiel,13,Medium urban area,16.95995528,16.95995528
2230,Waitati-Doctors Point,21,Rural settlement,2.69569396,2.69569396
2231,Purakaunui,21,Rural settlement,2.84263759,2.84263759
2232,Brighton,14,Small urban area,3.39318287,3.39318287
2233,Dunedin,11,Major urban area,91.58257663,91.58257663
2235,Aramoana,21,Rural settlement,0.45210425,0.45210425
2236,Harwood,21,Rural settlement,1.51154484,1.51154484
2237,Otakou-Harington Point,21,Rural settlement,5.651213,5.651213
2238,Tapanui,21,Rural settlement,1.97323506,1.97323506
2239,Lawrence,21,Rural settlement,2.19226966,2.19226966
2240,Other rural Clutha District,22,Rural other,6307.15982,6307.15982
2241,Clinton,21,Rural settlement,0.71898848,0.71898848
2242,Inland water Clutha District,31,Inland water,0,27.76980875
2243,Balclutha,14,Small urban area,7.585912,7.585912
2244,Waihola,21,Rural settlement,1.6343024,1.6343024
2245,Benhar,21,Rural settlement,0.71157139,0.71157139
2246,Milton,14,Small urban area,4.16487002,4.16487002
2247,Stirling,21,Rural settlement,0.99583026,0.99583026
2248,Kaitangata,21,Rural settlement,2.53500695,2.53500695
2249,Taieri Mouth,21,Rural settlement,3.24622514,3.24622514
2250,Owaka,21,Rural settlement,0.75968789,0.75968789
2251,Kaka Point,21,Rural settlement,0.36092884,0.36092884
2253,Pounawea,21,Rural settlement,0.37183488,0.37183488
2254,Inland water Southland District,31,Inland water,0,646.0586721
2255,Te Anau,14,Small urban area,5.52722423,5.52722423
2256,Manapouri,21,Rural settlement,1.36370787,1.36370787
2257,Other rural Southland District,22,Rural other,29483.06335,29483.06335
2258,Mossburn,21,Rural settlement,1.33630662,1.33630662
2259,Ohai,21,Rural settlement,1.10047554,1.10047554
2260,Tuatapere,21,Rural settlement,1.99571007,1.99571007
2261,Nightcaps,21,Rural settlement,3.19010816,3.19010816
2262,Lumsden,21,Rural settlement,3.6328652,3.6328652
2263,Otautau,21,Rural settlement,2.60004093,2.60004093
2264,Balfour,21,Rural settlement,0.48461335,0.48461335
2265,Waikaia,21,Rural settlement,1.22597727,1.22597727
2266,Winton,14,Small urban area,3.07424883,3.07424883
2267,Riversdale,21,Rural settlement,1.68958199,1.68958199
2268,Riverton,14,Small urban area,8.74454414,8.74454414
2269,Wallacetown,21,Rural settlement,0.86790948,0.86790948
2270,Woodlands,21,Rural settlement,24.01023591,24.01023591
2271,Edendale,21,Rural settlement,2.91752867,2.91752867
2272,Wyndham,21,Rural settlement,2.94078215,2.94078215
2273,Oban,21,Rural settlement,2.59001969,2.59001969
2274,Other rural Gore District,22,Rural other,1234.737633,1234.737633
2275,Gore,14,Small urban area,13.76673637,13.76673637
2276,Mataura,14,Small urban area,5.32508774,5.32508774
2278,Invercargill,12,Large urban area,60.69865588,60.69865588
2279,Kennington,21,Rural settlement,1.1646411,1.1646411
2280,Other rural Invercargill City,22,Rural other,317.9130271,317.9130271
2281,Bluff,14,Small urban area,10.09934639,10.09934639
6018,Oceanic Canterbury Region,33,Oceanic,0.02722564,0.02722564
